Street Address,Unit #,Latitude,Longitude,Sold Price ($),Sold Date,SqFt,Price/SqFt ($),Property Type,Beds,Baths,Distance (mi),URL
139-143 Dolores St,,37.76652,-122.426384,1385000.0,2024-11-21,3348.0,413.68,MULTI_FAMILY,4.0,4.0,0.03,https://www.zillow.com/homedetails/139-143-Dolores-St-San-Francisco-CA-94103/435065173_zpid/
167 Dolores St,,37.7668,-122.42631,2200000.0,2025-11-10,4896.0,449.35,MULTI_FAMILY,6.0,0.0,0.04,https://www.zillow.com/homedetails/167-Dolores-St-San-Francisco-CA-94103/457312901_zpid/
66-70 Landers St,,37.76674,-122.428085,1400000.0,2025-05-27,4800.0,291.67,MULTI_FAMILY,6.0,7.0,0.06,https://www.zillow.com/homedetails/66-70-Landers-St-San-Francisco-CA-94114/332859030_zpid/
31 Landers St,,37.767277,-122.427414,1310000.0,2024-04-02,4730.0,276.96,MULTI_FAMILY,6.0,4.0,0.06,https://www.zillow.com/homedetails/31-Landers-St-San-Francisco-CA-94114/2099934384_zpid/
32 Landers St,,37.76723,-122.428055,1455000.0,2023-04-12,2810.0,517.79,MULTI_FAMILY,7.0,0.0,0.08,https://www.zillow.com/homedetails/32-Landers-St-San-Francisco-CA-94114/332859027_zpid/
107 Dolores St,,37.76773,-122.42631,2250000.0,2023-03-01,5150.0,436.89,MULTI_FAMILY,8.0,0.0,0.09,https://www.zillow.com/homedetails/107-Dolores-St-San-Francisco-CA-94103/2060193686_zpid/
287-291 Church St,,37.766365,-122.428566,1340000.0,2025-09-12,4425.0,302.82,MULTI_FAMILY,,3.0,0.09,https://www.zillow.com/homedetails/287-291-Church-St-San-Francisco-CA-94114/332859033_zpid/
241-251 Dolores St,,37.765575,-122.42596,2700000.0,2025-09-16,9192.0,293.73,MULTI_FAMILY,18.0,0.0,0.09,https://www.zillow.com/homedetails/241-251-Dolores-St-San-Francisco-CA-94103/2061237297_zpid/
273-275 Dolores St,,37.765163,-122.42602,1525000.0,2025-02-18,2133.0,714.96,MULTI_FAMILY,4.0,2.0,0.11,https://www.zillow.com/homedetails/273-275-Dolores-St-San-Francisco-CA-94103/332859123_zpid/
215 Church St,,37.7672,-122.42879,2105000.0,2025-05-16,5285.0,398.3,MULTI_FAMILY,8.0,2.0,0.11,https://www.zillow.com/homedetails/215-Church-St-San-Francisco-CA-94114/2075615247_zpid/
262 Church St,,37.76653,-122.42908,2700000.0,2025-08-11,11135.0,242.48,MULTI_FAMILY,12.0,0.0,0.11,https://www.zillow.com/homedetails/262-Church-St-San-Francisco-CA-94114/449962877_zpid/
3386-3388 16th St,,37.76476,-122.428345,1180000.0,2025-03-17,3691.0,319.7,MULTI_FAMILY,6.0,6.0,0.14,https://www.zillow.com/homedetails/3386-3388-16th-St-San-Francisco-CA-94114/332859136_zpid/
338 Guerrero St,,37.765778,-122.42452,1762500.0,2024-11-22,3012.0,585.16,MULTI_FAMILY,8.0,3.0,0.14,https://www.zillow.com/homedetails/338-Guerrero-St-San-Francisco-CA-94103/401890277_zpid/
336-338 Guerrero St,,37.765778,-122.42452,1762500.0,2024-11-22,3012.0,585.16,MULTI_FAMILY,6.0,3.0,0.14,https://www.zillow.com/homedetails/336-338-Guerrero-St-San-Francisco-CA-94103/332859120_zpid/
74-84 Spencer St,,37.76514,-122.424805,1625000.0,2023-12-27,5120.0,317.38,MULTI_FAMILY,11.0,3.0,0.15,https://www.zillow.com/homedetails/74-84-Spencer-St-San-Francisco-CA-94103/2057104591_zpid/
2037 15th St,,37.765858,-122.42959,1175000.0,2023-03-02,2000.0,587.5,MULTI_FAMILY,3.0,1.0,0.15,https://www.zillow.com/homedetails/2037-15th-St-San-Francisco-CA-94114/332859162_zpid/
726-732 14th St,,37.76785,-122.42956,1750000.0,2023-12-07,7168.0,244.14,MULTI_FAMILY,7.0,0.0,0.17,https://www.zillow.com/homedetails/726-732-14th-St-San-Francisco-CA-94114/2055777419_zpid/
178-180 Church St,,37.768105,-122.429375,2250000.0,2023-10-03,5502.0,408.94,MULTI_FAMILY,8.0,0.0,0.17,https://www.zillow.com/homedetails/178-180-Church-St-San-Francisco-CA-94114/2055851807_zpid/
188-190 Guerrero St,,37.76823,-122.42471,1320000.0,2025-05-02,3108.0,424.71,MULTI_FAMILY,8.0,3.0,0.17,https://www.zillow.com/homedetails/188-190-Guerrero-St-San-Francisco-CA-94103/332858975_zpid/
67-71 Sharon St,,37.765045,-122.429665,2455000.0,2024-08-07,3851.0,637.5,MULTI_FAMILY,8.0,3.0,0.18,https://www.zillow.com/homedetails/67-71-Sharon-St-San-Francisco-CA-94114/332859156_zpid/
263 Clinton Park St,,37.768917,-122.42596,1925000.0,2024-09-25,5634.0,341.68,MULTI_FAMILY,8.0,4.0,0.18,https://www.zillow.com/homedetails/263-Clinton-Park-St-San-Francisco-CA-94103/350490346_zpid/
260-266 Clinton Park,,37.769188,-122.42594,1600000.0,2024-12-13,3918.0,408.37,MULTI_FAMILY,8.0,4.0,0.19,https://www.zillow.com/homedetails/260-266-Clinton-Park-San-Francisco-CA-94103/441950264_zpid/
348-352 Dolores St,,37.763763,-122.42669,1074000.0,2025-12-23,4380.0,245.21,MULTI_FAMILY,9.0,4.0,0.19,https://www.zillow.com/homedetails/348-352-Dolores-St-San-Francisco-CA-94110/328606161_zpid/
10-12 Abbey St,,37.763634,-122.427414,2710000.0,2023-10-23,2857.0,948.55,MULTI_FAMILY,5.0,4.0,0.2,https://www.zillow.com/homedetails/10-12-Abbey-St-San-Francisco-CA-94114/332859236_zpid/
211-219 Sanchez St,,37.765526,-122.43063,2125000.0,2023-09-05,6570.0,323.44,MULTI_FAMILY,12.0,0.0,0.21,https://www.zillow.com/homedetails/211-219-Sanchez-St-San-Francisco-CA-94114/2068563619_zpid/
75-79 Brosnan St,,37.768505,-122.42388,1385000.0,2026-01-20,3656.0,378.83,MULTI_FAMILY,8.0,4.0,0.22,https://www.zillow.com/homedetails/75-79-Brosnan-St-San-Francisco-CA-94103/447278931_zpid/
772-774 14th St,,37.76785,-122.43062,1200000.0,2025-08-11,3520.0,340.91,MULTI_FAMILY,4.0,3.0,0.22,https://www.zillow.com/homedetails/772-774-14th-St-San-Francisco-CA-94114/453015464_zpid/
74-78 Belcher St,,37.76804,-122.43044,1310000.0,2025-07-23,5518.0,237.4,MULTI_FAMILY,7.0,3.0,0.22,https://www.zillow.com/homedetails/74-78-Belcher-St-San-Francisco-CA-94114/452676897_zpid/
776-778 14th St,,37.76783,-122.43068,1725000.0,2023-03-17,3260.0,529.14,MULTI_FAMILY,5.0,2.0,0.22,https://www.zillow.com/homedetails/776-778-14th-St-San-Francisco-CA-94114/332858966_zpid/
774 14th St,,37.767857,-122.430595,1200000.0,2025-08-07,3520.0,340.91,MULTI_FAMILY,,4.0,0.22,https://www.zillow.com/homedetails/774-14th-St-San-Francisco-CA-94114/458398522_zpid/
245 Sanchez St,,37.765194,-122.43059,1200000.0,2024-09-19,4180.0,287.08,MULTI_FAMILY,5.0,4.0,0.22,https://www.zillow.com/homedetails/245-Sanchez-St-San-Francisco-CA-94114/350209282_zpid/
429-431 Guerrero St,,37.764294,-122.42392,1200000.0,2024-06-14,2080.0,576.92,MULTI_FAMILY,4.0,2.0,0.23,https://www.zillow.com/homedetails/429-431-Guerrero-St-San-Francisco-CA-94110/332859267_zpid/
57-61 Albion St,,37.765553,-122.42296,1400000.0,2023-08-07,3507.0,399.2,MULTI_FAMILY,9.0,2.0,0.23,https://www.zillow.com/homedetails/57-61-Albion-St-San-Francisco-CA-94103/2064314309_zpid/
3564 17th St,,37.763187,-122.42531,1317000.0,2025-02-18,4344.0,303.18,MULTI_FAMILY,6.0,0.0,0.25,https://www.zillow.com/homedetails/3564-17th-St-San-Francisco-CA-94110/444508912_zpid/
197-199 Duboce Ave,,37.769527,-122.42432,1010000.0,2024-08-08,3210.0,314.64,MULTI_FAMILY,3.0,0.0,0.26,https://www.zillow.com/homedetails/197-199-Duboce-Ave-San-Francisco-CA-94103/332858981_zpid/
457-461 Guerrero St,,37.763786,-122.423676,1550000.0,2025-08-28,7325.0,211.6,MULTI_FAMILY,12.0,2.0,0.26,https://www.zillow.com/homedetails/457-461-Guerrero-St-San-Francisco-CA-94110/332859260_zpid/
26 Church St,,37.769913,-122.42945,1150000.0,2025-07-17,2950.0,389.83,MULTI_FAMILY,3.0,4.0,0.27,https://www.zillow.com/homedetails/26-Church-St-San-Francisco-CA-94114/448803977_zpid/
153-155 Duboce Ave,,37.76955,-122.423546,1700000.0,2024-02-29,3395.0,500.74,MULTI_FAMILY,9.0,6.0,0.28,https://www.zillow.com/homedetails/153-155-Duboce-Ave-San-Francisco-CA-94103/332858980_zpid/
153 Duboce Ave,,37.76955,-122.423546,1700000.0,2024-02-29,3395.0,500.74,MULTI_FAMILY,9.0,2.0,0.28,https://www.zillow.com/homedetails/153-Duboce-Ave-San-Francisco-CA-94103/2101471484_zpid/
3482 17th St,,37.763412,-122.42359,1850000.0,2024-11-27,5480.0,337.59,MULTI_FAMILY,6.0,4.0,0.28,https://www.zillow.com/homedetails/3482-17th-St-San-Francisco-CA-94110/440402711_zpid/
506-508 Guerrero St,,37.76293,-122.42423,1325000.0,2025-04-01,3155.0,419.97,MULTI_FAMILY,8.0,4.0,0.29,https://www.zillow.com/homedetails/506-508-Guerrero-St-San-Francisco-CA-94110/440235150_zpid/
190 Hermann St,,37.770626,-122.4282,3200000.0,2026-02-11,7756.0,412.58,MULTI_FAMILY,15.0,0.0,0.29,https://www.zillow.com/homedetails/190-Hermann-St-San-Francisco-CA-94102/2075615482_zpid/
72 Pearl St,,37.77018,-122.42408,1685000.0,2025-12-05,2830.0,595.41,MULTI_FAMILY,4.0,1.0,0.3,https://www.zillow.com/homedetails/72-Pearl-St-San-Francisco-CA-94103/2116798554_zpid/
3460-3464 17th St,,37.763454,-122.42319,1650000.0,2024-11-05,5670.0,291.01,MULTI_FAMILY,9.0,3.0,0.3,https://www.zillow.com/homedetails/3460-3464-17th-St-San-Francisco-CA-94110/332859258_zpid/
3444-3450 17th St,,37.76335,-122.42292,2100000.0,2024-02-23,3314.0,633.68,MULTI_FAMILY,4.0,4.0,0.31,https://www.zillow.com/homedetails/3444-3450-17th-St-San-Francisco-CA-94110/2053187557_zpid/
2260 Market St,,37.765114,-122.43239,3870000.0,2026-01-13,6167.0,627.53,MULTI_FAMILY,19.0,0.0,0.31,https://www.zillow.com/homedetails/2260-Market-St-San-Francisco-CA-94114/2080662924_zpid/
41-43 Prosper St,,37.76363,-122.43148,1800000.0,2023-07-05,2544.0,707.55,MULTI_FAMILY,6.0,2.0,0.31,https://www.zillow.com/homedetails/41-43-Prosper-St-San-Francisco-CA-94114/332859213_zpid/
2256 Market St,,37.765244,-122.43243,2500000.0,2026-01-13,6167.0,405.38,MULTI_FAMILY,3.0,0.0,0.31,https://www.zillow.com/homedetails/2256-Market-St-San-Francisco-CA-94114/447267424_zpid/
117-119 Buchanan St,,37.770927,-122.42712,1650000.0,2023-02-28,2940.0,561.22,MULTI_FAMILY,4.0,2.0,0.31,https://www.zillow.com/homedetails/117-119-Buchanan-St-San-Francisco-CA-94102/325645557_zpid/
224 Valencia St,,37.769382,-122.42249,2150000.0,2025-06-02,6970.0,308.46,MULTI_FAMILY,14.0,0.0,0.32,https://www.zillow.com/homedetails/224-Valencia-St-San-Francisco-CA-94103/450132319_zpid/
216 Dorland St #1/2,# 1/2,37.762276,-122.42924,1555000.0,2026-02-19,1145.0,1358.08,CONDO,2.0,2.0,0.32,https://www.zillow.com/homedetails/216-Dorland-St-1-2-San-Francisco-CA-94114/15144248_zpid/
50-52 Walter St,,37.768288,-122.432625,2505000.0,2025-08-19,3990.0,627.82,MULTI_FAMILY,,3.0,0.33,https://www.zillow.com/homedetails/50-52-Walter-St-San-Francisco-CA-94114/331537101_zpid/
88-90 Webster St,,37.77119,-122.42828,1275000.0,2025-10-06,2600.0,490.38,MULTI_FAMILY,4.0,2.0,0.33,https://www.zillow.com/homedetails/88-90-Webster-St-San-Francisco-CA-94117/332851778_zpid/
5050A-50B Walter St,,37.76829,-122.43259,2505000.0,2025-08-19,4308.0,581.48,MULTI_FAMILY,6.0,3.0,0.33,https://www.zillow.com/homedetails/5050A-50B-Walter-St-San-Francisco-CA-94114/453490057_zpid/
537 Valencia St,,37.76431,-122.42168,3240000.0,2025-01-31,6364.0,509.11,MULTI_FAMILY,9.0,0.0,0.33,https://www.zillow.com/homedetails/537-Valencia-St-San-Francisco-CA-94103/2075242341_zpid/
153-155 Noe St,,37.766563,-122.43303,1730000.0,2025-10-14,1920.0,901.04,MULTI_FAMILY,4.0,2.0,0.33,https://www.zillow.com/homedetails/153-155-Noe-St-San-Francisco-CA-94114/241584682_zpid/
201 Waller St,,37.771454,-122.427246,3000000.0,2024-04-25,7500.0,400.0,MULTI_FAMILY,8.0,0.0,0.34,https://www.zillow.com/homedetails/201-Waller-St-San-Francisco-CA-94102/2077334391_zpid/
339 Waller St,,37.771088,-122.429276,1860000.0,2024-12-16,5170.0,359.77,MULTI_FAMILY,10.0,4.0,0.34,https://www.zillow.com/homedetails/339-Waller-St-San-Francisco-CA-94117/2108896865_zpid/
173 Julian Ave,,37.765495,-122.42076,1620000.0,2026-01-08,5382.0,301.0,MULTI_FAMILY,6.0,0.0,0.35,https://www.zillow.com/homedetails/173-Julian-Ave-San-Francisco-CA-94103/2057343139_zpid/
238 Noe St,,37.765236,-122.433395,2285000.0,2025-05-21,7500.0,304.67,MULTI_FAMILY,12.0,0.0,0.36,https://www.zillow.com/homedetails/238-Noe-St-San-Francisco-CA-94114/446858435_zpid/
3810-3812 18th St,,37.76149,-122.42875,1650000.0,2025-05-15,4815.0,342.68,MULTI_FAMILY,9.0,6.0,0.36,https://www.zillow.com/homedetails/3810-3812-18th-St-San-Francisco-CA-94114/332859371_zpid/
578 Guerrero St,,37.761826,-122.42413,1390000.0,2025-10-17,3635.0,382.39,MULTI_FAMILY,4.0,4.0,0.36,https://www.zillow.com/homedetails/578-Guerrero-St-San-Francisco-CA-94110/455554541_zpid/
28-32A Elgin Park,,37.77093,-122.423454,1780000.0,2025-05-15,3392.0,524.76,MULTI_FAMILY,7.0,2.0,0.36,https://www.zillow.com/homedetails/28-32A-Elgin-Park-San-Francisco-CA-94103/446827712_zpid/
267-271 Dorland St,,37.76184,-122.4299,1887500.0,2025-06-18,5969.0,316.22,MULTI_FAMILY,11.0,0.0,0.36,https://www.zillow.com/homedetails/267-271-Dorland-St-San-Francisco-CA-94114/15144157_zpid/
3823-3825 17th St,,37.7625,-122.43133,2115000.0,2023-11-30,3880.0,545.1,MULTI_FAMILY,6.0,4.0,0.36,https://www.zillow.com/homedetails/3823-3825-17th-St-San-Francisco-CA-94114/2054868461_zpid/
28-32 Elgin Park,,37.77093,-122.423454,1780000.0,2025-05-15,3392.0,524.76,MULTI_FAMILY,,4.0,0.36,https://www.zillow.com/homedetails/28-32-Elgin-Park-San-Francisco-CA-94103/332858845_zpid/
160-162 Noe St,,37.766384,-122.43362,2126000.0,2024-03-25,3352.0,634.25,MULTI_FAMILY,4.0,1.0,0.36,https://www.zillow.com/homedetails/160-162-Noe-St-San-Francisco-CA-94114/332858926_zpid/
2209-2219 15th St,,37.765755,-122.4336,2100000.0,2024-02-21,5212.0,402.92,MULTI_FAMILY,10.0,4.0,0.36,https://www.zillow.com/homedetails/2209-2219-15th-St-San-Francisco-CA-94114/2053096948_zpid/
20-22 Elgin Park,,37.771053,-122.42346,1500000.0,2024-01-08,2462.0,609.26,MULTI_FAMILY,2.0,4.0,0.37,https://www.zillow.com/homedetails/20-22-Elgin-Park-San-Francisco-CA-94103/2054500203_zpid/
81-83 Woodward St,,37.7687,-122.42063,1115000.0,2025-07-11,4004.0,278.47,MULTI_FAMILY,12.0,0.0,0.38,https://www.zillow.com/homedetails/81-83-Woodward-St-San-Francisco-CA-94103/2070226157_zpid/
463-467 Waller St,,37.770847,-122.43126,1470000.0,2025-10-24,4275.0,343.86,MULTI_FAMILY,,7.0,0.38,https://www.zillow.com/homedetails/463-467-Waller-St-San-Francisco-CA-94117/332851756_zpid/
82-86 Pond St,,37.762978,-122.43231,1800000.0,2024-12-30,4122.0,436.68,MULTI_FAMILY,4.0,0.0,0.38,https://www.zillow.com/homedetails/82-86-Pond-St-San-Francisco-CA-94114/2060461910_zpid/
120 Webster St,,37.77197,-122.42844,2200000.0,2023-10-13,6500.0,338.46,MULTI_FAMILY,6.0,0.0,0.39,https://www.zillow.com/homedetails/120-Webster-St-San-Francisco-CA-94117/2055851811_zpid/
5 Bird St,,37.76213,-122.42244,1850000.0,2024-08-09,2624.0,705.03,MULTI_FAMILY,4.0,4.0,0.39,https://www.zillow.com/homedetails/5-Bird-St-San-Francisco-CA-94110/397442328_zpid/
137-141 Steiner St,,37.770428,-122.43207,1657000.0,2023-03-20,2887.0,573.95,MULTI_FAMILY,,1.0,0.39,https://www.zillow.com/homedetails/137-141-Steiner-St-San-Francisco-CA-94117/332851733_zpid/
137 Steiner St,,37.770428,-122.43207,1657000.0,2023-03-17,2887.0,573.95,MULTI_FAMILY,7.0,6.0,0.39,https://www.zillow.com/homedetails/137-Steiner-St-San-Francisco-CA-94117/2101314912_zpid/
537-541 Dolores St,,37.76084,-122.42562,1633750.0,2025-06-26,3949.0,413.71,MULTI_FAMILY,6.0,2.0,0.4,https://www.zillow.com/homedetails/537-541-Dolores-St-San-Francisco-CA-94110/2067405773_zpid/
17 Ford St #19,# 19,37.76178,-122.43119,2800000.0,2024-06-10,3893.0,719.24,MULTI_FAMILY,4.0,1.0,0.4,https://www.zillow.com/homedetails/17-Ford-St-19-San-Francisco-CA-94114/332859396_zpid/
145-147 Webster St,,37.772026,-122.42892,1162400.0,2023-10-27,3250.0,357.66,MULTI_FAMILY,5.0,0.0,0.4,https://www.zillow.com/homedetails/145-147-Webster-St-San-Francisco-CA-94117/332851684_zpid/
3886 17th St,,37.762825,-122.43261,2000000.0,2023-10-16,3149.0,635.12,MULTI_FAMILY,3.0,2.0,0.4,https://www.zillow.com/homedetails/3886-17th-St-San-Francisco-CA-94114/2056564841_zpid/
446-448 Waller St,,37.77133,-122.43109,3850000.0,2024-11-20,3600.0,1069.44,MULTI_FAMILY,7.0,0.0,0.4,https://www.zillow.com/homedetails/446-448-Waller-St-San-Francisco-CA-94117/332851697_zpid/
511 Waller St,,37.77076,-122.43215,2250000.0,2025-04-30,5445.0,413.22,MULTI_FAMILY,5.0,0.0,0.41,https://www.zillow.com/homedetails/511-Waller-St-San-Francisco-CA-94117/440616601_zpid/
521-525 Waller St,,37.770676,-122.43235,2300000.0,2024-12-11,4010.0,573.57,MULTI_FAMILY,10.0,3.0,0.41,https://www.zillow.com/homedetails/521-525-Waller-St-San-Francisco-CA-94117/332851739_zpid/
236 Laussat St,,37.771667,-122.431114,1720000.0,2024-12-11,4448.0,386.69,MULTI_FAMILY,1.0,0.0,0.42,https://www.zillow.com/homedetails/236-Laussat-St-San-Francisco-CA-94117/2084027175_zpid/
164-166 Henry St,,37.766815,-122.43477,2200000.0,2023-12-20,4287.0,513.18,MULTI_FAMILY,5.0,4.0,0.42,https://www.zillow.com/homedetails/164-166-Henry-St-San-Francisco-CA-94114/332858941_zpid/
158-162 Henry St,,37.766823,-122.43468,3200000.0,2025-06-20,4419.0,724.15,MULTI_FAMILY,7.0,4.0,0.42,https://www.zillow.com/homedetails/158-162-Henry-St-San-Francisco-CA-94114/332858942_zpid/
629 Guerrero St,,37.761105,-122.42352,3500000.0,2023-03-20,8598.0,407.07,MULTI_FAMILY,6.0,0.0,0.42,https://www.zillow.com/homedetails/629-Guerrero-St-San-Francisco-CA-94110/2060190227_zpid/
68-70 Beaver St,,37.765095,-122.434715,2275000.0,2024-03-18,3250.0,700.0,MULTI_FAMILY,4.0,2.0,0.43,https://www.zillow.com/homedetails/68-70-Beaver-St-San-Francisco-CA-94114/325646714_zpid/
2275-2277 15th St,,37.7655,-122.43483,2605000.0,2025-07-01,2908.0,895.8,MULTI_FAMILY,4.0,3.0,0.43,https://www.zillow.com/homedetails/2275-2277-15th-St-San-Francisco-CA-94114/332859193_zpid/
2275 15th St,,37.765682,-122.434845,2605000.0,2025-07-01,2908.0,895.8,MULTI_FAMILY,4.0,2.0,0.43,https://www.zillow.com/homedetails/2275-15th-St-San-Francisco-CA-94114/452748669_zpid/
55 Ford St,,37.76164,-122.43185,2500000.0,2025-02-28,2860.0,874.13,MULTI_FAMILY,3.0,4.0,0.43,https://www.zillow.com/homedetails/55-Ford-St-San-Francisco-CA-94114/441958451_zpid/
533 - 537 Haight Street,,37.77183,-122.431015,1700000.0,2025-08-18,4905.0,346.59,MULTI_FAMILY,6.0,3.0,0.43,https://www.zillow.com/homedetails/533-537-Haight-St-San-Francisco-CA-94117/241583573_zpid/
80-82 Beaver St,,37.765163,-122.43489,1460000.0,2024-12-30,2414.0,604.81,MULTI_FAMILY,4.0,0.0,0.44,https://www.zillow.com/homedetails/80-82-Beaver-St-San-Francisco-CA-94114/332859195_zpid/
40-42 Sycamore St,,37.76284,-122.42036,1380000.0,2023-06-23,2864.0,481.84,MULTI_FAMILY,5.0,3.0,0.44,https://www.zillow.com/homedetails/40-42-Sycamore-St-San-Francisco-CA-94110/332859326_zpid/
1307-1329 Stevenson St,,37.77121,-122.42151,1875000.0,2025-03-13,5860.0,319.97,MULTI_FAMILY,12.0,0.0,0.44,https://www.zillow.com/homedetails/1307-1329-Stevenson-St-San-Francisco-CA-94103/2055832912_zpid/
48 Sycamore St,,37.76279,-122.42046,1703000.0,2025-11-25,2950.0,577.29,MULTI_FAMILY,4.0,4.0,0.44,https://www.zillow.com/homedetails/48-Sycamore-St-San-Francisco-CA-94110/2120304251_zpid/
3901-3909 17th St,,37.76247,-122.433205,2450000.0,2024-03-22,6144.0,398.76,MULTI_FAMILY,,0.0,0.44,https://www.zillow.com/homedetails/3901-3909-17th-St-San-Francisco-CA-94114/2060462046_zpid/
556-560 Waller St,,37.770977,-122.43287,2350000.0,2024-06-18,6150.0,382.11,MULTI_FAMILY,9.0,0.0,0.45,https://www.zillow.com/homedetails/556-560-Waller-St-San-Francisco-CA-94117/346919355_zpid/
75 Pierce St,,37.770294,-122.43374,1600000.0,2023-09-08,2870.0,557.49,MULTI_FAMILY,5.0,3.0,0.45,https://www.zillow.com/homedetails/75-Pierce-St-San-Francisco-CA-94117/327841874_zpid/
3966-3968 18th St,,37.76131,-122.432076,2200000.0,2023-05-31,3050.0,721.31,MULTI_FAMILY,4.0,2.0,0.45,https://www.zillow.com/homedetails/3966-3968-18th-St-San-Francisco-CA-94114/332859388_zpid/
3478 18th St,,37.76191,-122.421104,1560000.0,2025-03-04,4245.0,367.49,MULTI_FAMILY,5.0,0.0,0.45,https://www.zillow.com/homedetails/3478-18th-St-San-Francisco-CA-94110/2067979832_zpid/
3931-3933 18th St,,37.760864,-122.43136,1250000.0,2025-06-27,2908.0,429.85,MULTI_FAMILY,3.0,3.0,0.46,https://www.zillow.com/homedetails/3931-3933-18th-St-San-Francisco-CA-94114/241584765_zpid/
3946-3954 17th St,,37.76278,-122.434006,2590000.0,2025-02-19,6996.0,370.21,MULTI_FAMILY,15.0,7.0,0.46,https://www.zillow.com/homedetails/3946-3954-17th-St-San-Francisco-CA-94114/443856712_zpid/
3679-3681 16th St,,37.763885,-122.4348,1570000.0,2025-06-10,2506.0,626.5,MULTI_FAMILY,,2.0,0.46,https://www.zillow.com/homedetails/3679-3681-16th-St-San-Francisco-CA-94114/332859199_zpid/
3947 18th St,,37.76091,-122.43166,2895000.0,2023-11-09,5010.0,577.84,MULTI_FAMILY,8.0,0.0,0.46,https://www.zillow.com/homedetails/3947-18th-St-San-Francisco-CA-94114/2073250329_zpid/
3844-3846 19th St,,37.759872,-122.42922,1237500.0,2023-05-05,2844.0,435.13,MULTI_FAMILY,4.0,2.0,0.47,https://www.zillow.com/homedetails/3844-3846-19th-St-San-Francisco-CA-94114/332859478_zpid/
253-263 Laguna St,,37.77342,-122.42593,3750000.0,2023-12-08,7875.0,476.19,MULTI_FAMILY,17.0,0.0,0.48,https://www.zillow.com/homedetails/253-263-Laguna-St-San-Francisco-CA-94102/2067405267_zpid/
230 Castro St,,37.765247,-122.43563,2075000.0,2025-09-10,6600.0,314.39,MULTI_FAMILY,6.0,0.0,0.48,https://www.zillow.com/homedetails/230-Castro-St-San-Francisco-CA-94114/2068750283_zpid/
3647-3651 19th St,,37.759655,-122.42475,1675000.0,2023-07-06,4020.0,416.67,MULTI_FAMILY,8.0,3.0,0.49,https://www.zillow.com/homedetails/3647-3651-19th-St-San-Francisco-CA-94110/332859586_zpid/
3985-3991 18th St,,37.76082,-122.432396,1625000.0,2023-07-24,2990.0,543.48,MULTI_FAMILY,8.0,4.0,0.49,https://www.zillow.com/homedetails/3985-3991-18th-St-San-Francisco-CA-94114/2057325028_zpid/
3647 19th St,,37.759655,-122.42475,1675000.0,2023-07-06,4020.0,416.67,MULTI_FAMILY,8.0,2.0,0.49,https://www.zillow.com/homedetails/3647-19th-St-San-Francisco-CA-94110/2058022253_zpid/
88-98 Castro St,,37.76752,-122.43588,3600000.0,2024-05-31,10350.0,347.83,MULTI_FAMILY,16.0,0.0,0.49,https://www.zillow.com/homedetails/88-98-Castro-St-San-Francisco-CA-94114/2055832909_zpid/
655 Haight St,,37.771904,-122.433075,1550000.0,2025-06-24,5625.0,275.56,MULTI_FAMILY,4.0,6.0,0.5,https://www.zillow.com/homedetails/655-Haight-St-San-Francisco-CA-94117/442029540_zpid/
2328-2332 15th St,,37.765938,-122.436104,1487000.0,2025-05-16,2348.0,633.3,MULTI_FAMILY,,3.0,0.5,https://www.zillow.com/homedetails/2328-2332-15th-St-San-Francisco-CA-94114/332858148_zpid/
530 Page St,,37.773415,-122.42951,2600000.0,2024-07-25,7050.0,368.79,MULTI_FAMILY,18.0,0.0,0.5,https://www.zillow.com/homedetails/530-Page-St-San-Francisco-CA-94117/347830997_zpid/
3435 18th St,,37.76161,-122.42029,3557895.0,2024-08-09,9930.0,358.3,MULTI_FAMILY,12.0,0.0,0.5,https://www.zillow.com/homedetails/3435-18th-St-San-Francisco-CA-94110/353153501_zpid/
3412 18th St,,37.76191,-122.41985,2200000.0,2024-08-21,4590.0,479.3,MULTI_FAMILY,12.0,6.0,0.5,https://www.zillow.com/homedetails/3412-18th-St-San-Francisco-CA-94110/2077935852_zpid/
3412-3416 18th St,,37.762012,-122.419846,2200000.0,2024-08-21,4590.0,479.3,MULTI_FAMILY,12.0,6.0,0.5,https://www.zillow.com/homedetails/3412-3416-18th-St-San-Francisco-CA-94110/332859309_zpid/
328-332 Castro St,,37.76363,-122.43545,1808000.0,2024-11-15,3875.0,466.58,MULTI_FAMILY,5.0,0.0,0.5,https://www.zillow.com/homedetails/328-332-Castro-St-San-Francisco-CA-94114/2137493539_zpid/
3700 16th St,,37.76427,-122.435684,3200000.0,2026-02-12,5300.0,603.77,MULTI_FAMILY,8.0,0.0,0.5,https://www.zillow.com/homedetails/3700-16th-St-San-Francisco-CA-94114/2103712381_zpid/
150 Lexington St #3,# 3,37.7609,-122.420944,1250000.0,2024-02-27,921.0,1357.22,MULTI_FAMILY,2.0,2.0,0.51,https://www.zillow.com/homedetails/150-Lexington-St-3-San-Francisco-CA-94110/50894954_zpid/
527-529 Noe St,,37.760574,-122.43242,2150000.0,2025-04-07,3000.0,716.67,MULTI_FAMILY,6.0,4.0,0.51,https://www.zillow.com/homedetails/527-529-Noe-St-San-Francisco-CA-94114/331637013_zpid/
3983 17th St,,37.76229,-122.43469,2050000.0,2025-01-31,5776.0,354.92,MULTI_FAMILY,,0.0,0.51,https://www.zillow.com/homedetails/3983-17th-St-San-Francisco-CA-94114/440616642_zpid/
590-592 Sanchez St,,37.75973,-122.43076,2200000.0,2025-12-15,2485.0,885.31,MULTI_FAMILY,5.0,3.0,0.51,https://www.zillow.com/homedetails/590-592-Sanchez-St-San-Francisco-CA-94114/332859444_zpid/
425-435 Fillmore St,,37.7734,-122.43102,2700000.0,2024-12-30,8868.0,304.47,MULTI_FAMILY,18.0,0.0,0.52,https://www.zillow.com/homedetails/425-435-Fillmore-St-San-Francisco-CA-94117/443632309_zpid/
3226-3228 17th St,,37.763744,-122.41805,1230000.0,2025-10-08,4080.0,301.47,MULTI_FAMILY,,2.0,0.52,https://www.zillow.com/homedetails/3226-3228-17th-St-San-Francisco-CA-94110/332859279_zpid/
4040-4044 18th St,,37.76119,-122.43377,1490000.0,2024-12-12,4929.0,302.29,MULTI_FAMILY,9.0,9.0,0.52,https://www.zillow.com/homedetails/4040-4044-18th-St-San-Francisco-CA-94114/332859416_zpid/
48-50 Divisadero St,,37.76811,-122.436295,1900000.0,2023-04-13,4370.0,434.78,MULTI_FAMILY,7.0,4.0,0.52,https://www.zillow.com/homedetails/48-50-Divisadero-St-San-Francisco-CA-94117/332858143_zpid/
289-291 Lily St,,37.77404,-122.42551,1030000.0,2024-01-31,2240.0,459.82,MULTI_FAMILY,,2.0,0.53,https://www.zillow.com/homedetails/289-291-Lily-St-San-Francisco-CA-94102/332851585_zpid/
304 Lily St,,37.774208,-122.4261,1325000.0,2023-09-21,1522.0,870.57,MULTI_FAMILY,3.0,0.0,0.53,https://www.zillow.com/homedetails/304-Lily-St-San-Francisco-CA-94102/332851602_zpid/
146-156 Rose St,,37.77362,-122.423256,1350000.0,2024-11-22,3450.0,391.3,MULTI_FAMILY,7.0,4.0,0.53,https://www.zillow.com/homedetails/146-156-Rose-St-San-Francisco-CA-94102/442081120_zpid/
156-158 Beaver St,,37.76513,-122.4365,1500000.0,2023-05-01,2465.0,608.52,MULTI_FAMILY,4.0,0.0,0.53,https://www.zillow.com/homedetails/156-158-Beaver-St-San-Francisco-CA-94114/332858162_zpid/
763-767 Haight St,,37.77128,-122.43469,1060000.0,2025-02-19,6425.0,164.98,MULTI_FAMILY,10.0,4.0,0.53,https://www.zillow.com/homedetails/763-767-Haight-St-San-Francisco-CA-94117/332851715_zpid/
607-619 Oak St,,37.773903,-122.429504,3700000.0,2025-08-19,9600.0,385.42,MULTI_FAMILY,22.0,0.0,0.53,https://www.zillow.com/homedetails/607-619-Oak-St-San-Francisco-CA-94117/2060465533_zpid/
477-479 Oak St,,37.774235,-122.427124,1611500.0,2025-07-10,3120.0,516.51,MULTI_FAMILY,,2.0,0.53,https://www.zillow.com/homedetails/477-479-Oak-St-San-Francisco-CA-94102/332851597_zpid/
289 Lily St,,37.77404,-122.42551,1000030.0,2024-01-31,2240.0,446.44,MULTI_FAMILY,4.0,2.0,0.53,https://www.zillow.com/homedetails/289-Lily-St-San-Francisco-CA-94102/2054512193_zpid/
2886 16th St,,37.765503,-122.41713,2686888.0,2025-04-29,8640.0,310.98,MULTI_FAMILY,1.0,0.0,0.54,https://www.zillow.com/homedetails/2886-16th-St-San-Francisco-CA-94103/2112844746_zpid/
180 Beaver St,,37.76558,-122.4368,3405000.0,2024-11-12,6278.0,542.37,MULTI_FAMILY,12.0,0.0,0.54,https://www.zillow.com/homedetails/180-Beaver-St-San-Francisco-CA-94114/2060469406_zpid/
3517-3521 19th St,,37.759827,-122.42193,1685000.0,2025-03-10,4500.0,374.44,MULTI_FAMILY,9.0,6.0,0.54,https://www.zillow.com/homedetails/3517-3521-19th-St-San-Francisco-CA-94110/332859609_zpid/
3782 16th St,,37.76418,-122.43651,1150000.0,2024-06-20,1825.0,630.14,MULTI_FAMILY,2.0,3.0,0.54,https://www.zillow.com/homedetails/3782-16th-St-San-Francisco-CA-94114/332858168_zpid/
769 Haight St,,37.77132,-122.434845,2700000.0,2023-04-18,9848.0,274.17,MULTI_FAMILY,6.0,0.0,0.54,https://www.zillow.com/homedetails/769-Haight-St-San-Francisco-CA-94117/2062945214_zpid/
728 Page St,,37.773026,-122.43288,1700000.0,2023-09-13,5550.0,306.31,MULTI_FAMILY,12.0,0.0,0.55,https://www.zillow.com/homedetails/728-Page-St-San-Francisco-CA-94117/2059002290_zpid/
165 Beaver St,,37.76515,-122.43687,1940000.0,2024-06-24,2760.0,702.9,MULTI_FAMILY,5.0,4.0,0.55,https://www.zillow.com/homedetails/165-Beaver-St-San-Francisco-CA-94114/2082262012_zpid/
62-66 Shotwell St,,37.76744,-122.41691,1505000.0,2023-09-28,3541.0,425.02,MULTI_FAMILY,8.0,6.0,0.55,https://www.zillow.com/homedetails/62-66-Shotwell-St-San-Francisco-CA-94103/332859085_zpid/
775-777 Haight St,,37.771317,-122.43498,2820000.0,2024-11-08,9280.0,303.88,MULTI_FAMILY,5.0,0.0,0.55,https://www.zillow.com/homedetails/775-777-Haight-St-San-Francisco-CA-94117/351176845_zpid/
195 Lexington St,,37.760357,-122.420586,2624000.0,2025-02-07,6984.0,375.72,MULTI_FAMILY,9.0,0.0,0.55,https://www.zillow.com/homedetails/195-Lexington-St-San-Francisco-CA-94110/402485021_zpid/
789-793 Page St,,37.772438,-122.43361,2100000.0,2025-09-26,3825.0,549.02,MULTI_FAMILY,7.0,4.0,0.55,https://www.zillow.com/homedetails/789-793-Page-St-San-Francisco-CA-94117/332851648_zpid/
719-725 Oak St,,37.773785,-122.43121,1100000.0,2023-04-11,2400.0,458.33,MULTI_FAMILY,6.0,0.0,0.55,https://www.zillow.com/homedetails/719-725-Oak-St-San-Francisco-CA-94117/332851622_zpid/
62 Shotwell St,,37.76744,-122.41692,1505000.0,2023-09-28,4235.0,355.37,MULTI_FAMILY,8.0,6.0,0.55,https://www.zillow.com/homedetails/62-Shotwell-St-San-Francisco-CA-94103/2055945058_zpid/
28-30 Shotwell St,,37.767918,-122.41698,1350000.0,2023-10-23,3192.0,422.93,MULTI_FAMILY,5.0,4.0,0.56,https://www.zillow.com/homedetails/28-30-Shotwell-St-San-Francisco-CA-94103/332859081_zpid/
100-110 Shotwell St,,37.766666,-122.41669,2400000.0,2026-01-15,6342.0,378.43,MULTI_FAMILY,22.0,0.0,0.56,https://www.zillow.com/homedetails/100-110-Shotwell-St-San-Francisco-CA-94103/458193526_zpid/
171 San Carlos St,,37.760693,-122.419815,1700000.0,2023-10-31,3075.0,552.85,MULTI_FAMILY,7.0,5.0,0.56,https://www.zillow.com/homedetails/171-San-Carlos-St-San-Francisco-CA-94110/2077038712_zpid/
171-173 San Carlos St,,37.760693,-122.419815,1700000.0,2023-10-31,3000.0,566.67,MULTI_FAMILY,7.0,5.0,0.56,https://www.zillow.com/homedetails/171-173-San-Carlos-St-San-Francisco-CA-94110/332859523_zpid/
3765-67 16th St,,37.76384,-122.436714,2363765.0,2024-03-27,1732.0,1364.76,MULTI_FAMILY,3.0,2.0,0.56,https://www.zillow.com/homedetails/3765-67-16th-St-San-Francisco-CA-94114/343556079_zpid/
638-642 S Van Ness Ave,,37.76285,-122.41762,1257000.0,2025-06-18,3750.0,335.2,MULTI_FAMILY,,3.0,0.57,https://www.zillow.com/homedetails/638-642-S-Van-Ness-Ave-San-Francisco-CA-94110/332859297_zpid/
77-79 Brady St,,37.77267,-122.419975,1150000.0,2024-10-02,2358.0,487.7,MULTI_FAMILY,,,0.57,https://www.zillow.com/homedetails/77-79-Brady-St-San-Francisco-CA-94103/332858851_zpid/
509-511 Buchanan St,,37.77474,-122.42787,1405000.0,2025-07-31,5300.0,265.09,MULTI_FAMILY,6.0,5.0,0.57,https://www.zillow.com/homedetails/509-511-Buchanan-St-San-Francisco-CA-94102/450174597_zpid/
450-452 Castro St,,37.761692,-122.435425,2125000.0,2024-06-11,5750.0,369.57,MULTI_FAMILY,2.0,0.0,0.57,https://www.zillow.com/homedetails/450-452-Castro-St-San-Francisco-CA-94114/2054953027_zpid/
303-305 Oak St,,37.77458,-122.424644,1125000.0,2025-12-10,3207.0,350.8,MULTI_FAMILY,4.0,4.0,0.57,https://www.zillow.com/homedetails/303-305-Oak-St-San-Francisco-CA-94102/401757860_zpid/
807 Haight St,,37.771275,-122.4356,1700000.0,2023-08-30,2242.0,758.25,MULTI_FAMILY,3.0,1.0,0.57,https://www.zillow.com/homedetails/807-Haight-St-San-Francisco-CA-94117/344738538_zpid/
462-464 Castro St,,37.76147,-122.4353,2500000.0,2024-06-14,5441.0,459.47,MULTI_FAMILY,6.0,4.0,0.57,https://www.zillow.com/homedetails/462-464-Castro-St-San-Francisco-CA-94114/241584544_zpid/
29-31 Collingwood St,,37.761913,-122.43594,1800000.0,2025-03-17,2400.0,750.0,MULTI_FAMILY,5.0,3.0,0.58,https://www.zillow.com/homedetails/29-31-Collingwood-St-San-Francisco-CA-94114/332858346_zpid/
3341-3345 18th St,,37.761814,-122.418015,2250000.0,2024-04-15,8304.0,270.95,MULTI_FAMILY,4.0,0.0,0.59,https://www.zillow.com/homedetails/3341-3345-18th-St-San-Francisco-CA-94110/2054303321_zpid/
855-857 Page St,,37.772285,-122.43484,1803000.0,2024-08-22,3000.0,601.0,MULTI_FAMILY,10.0,4.0,0.59,https://www.zillow.com/homedetails/855-857-Page-St-San-Francisco-CA-94117/332851643_zpid/
627-629 Fell St,,37.774975,-122.42839,1515000.0,2023-07-17,2026.0,747.78,MULTI_FAMILY,3.0,3.0,0.59,https://www.zillow.com/homedetails/627-629-Fell-St-San-Francisco-CA-94102/332851556_zpid/
59 Collingwood St,,37.761505,-122.43597,3150000.0,2025-11-26,5460.0,576.92,MULTI_FAMILY,8.0,4.0,0.6,https://www.zillow.com/homedetails/59-Collingwood-St-San-Francisco-CA-94114/2100494137_zpid/
221-223 Scott St,,37.77182,-122.43565,2000000.0,2025-11-20,2500.0,800.0,MULTI_FAMILY,3.0,0.0,0.6,https://www.zillow.com/homedetails/221-223-Scott-St-San-Francisco-CA-94117/332853285_zpid/
67-69 Buena Vista Ter,,37.767784,-122.43795,2300000.0,2024-06-21,4099.0,561.11,MULTI_FAMILY,6.0,0.0,0.6,https://www.zillow.com/homedetails/67-69-Buena-Vista-Ter-San-Francisco-CA-94117/325645901_zpid/
111-115 Buena Vista Ter,,37.76695,-122.43793,2375000.0,2023-11-17,2973.0,798.86,MULTI_FAMILY,5.0,2.0,0.6,https://www.zillow.com/homedetails/111-115-Buena-Vista-Ter-San-Francisco-CA-94117/325645908_zpid/
1906-1908 Folsom St,,37.766743,-122.41577,1050000.0,2025-05-02,4875.0,215.38,MULTI_FAMILY,12.0,0.0,0.61,https://www.zillow.com/homedetails/1906-1908-Folsom-St-San-Francisco-CA-94103/448379966_zpid/
245 Scott St,,37.772152,-122.43579,2335000.0,2025-07-07,4060.0,575.12,MULTI_FAMILY,5.0,4.0,0.62,https://www.zillow.com/homedetails/245-Scott-St-San-Francisco-CA-94117/2086879073_zpid/
242 Divisadero St,,37.771114,-122.43669,2000000.0,2025-10-10,6108.0,327.44,MULTI_FAMILY,11.0,0.0,0.62,https://www.zillow.com/homedetails/242-Divisadero-St-San-Francisco-CA-94117/2141145024_zpid/
241-243 Scott St,,37.772083,-122.43579,3241875.0,2025-02-27,3000.0,1080.62,MULTI_FAMILY,6.0,0.0,0.62,https://www.zillow.com/homedetails/241-243-Scott-St-San-Francisco-CA-94117/332853284_zpid/
548-556 Steiner St,,37.774506,-122.43232,2500000.0,2023-05-09,7740.0,323.0,MULTI_FAMILY,18.0,0.0,0.62,https://www.zillow.com/homedetails/548-556-Steiner-St-San-Francisco-CA-94117/2059105387_zpid/
2326 Mission St #2330,# 2330,37.75974,-122.41948,1750000.0,2023-11-27,4500.0,388.89,MULTI_FAMILY,3.0,0.0,0.62,https://www.zillow.com/homedetails/2326-Mission-St-2330-San-Francisco-CA-94110/241584789_zpid/
760-762 Fell St,,37.775265,-122.4304,1125000.0,2024-11-13,3625.0,310.34,MULTI_FAMILY,10.0,4.0,0.63,https://www.zillow.com/homedetails/760-762-Fell-St-San-Francisco-CA-94117/332851505_zpid/
2334 Mission St #2336,# 2336,37.75964,-122.41945,1525000.0,2025-04-08,7564.0,201.61,MULTI_FAMILY,2.0,0.0,0.63,https://www.zillow.com/homedetails/2334-Mission-St-2336-San-Francisco-CA-94110/2065688097_zpid/
550 Fell St,,37.775585,-122.42694,3965000.0,2023-09-13,7100.0,558.45,MULTI_FAMILY,8.0,0.0,0.63,https://www.zillow.com/homedetails/550-Fell-St-San-Francisco-CA-94102/2057730593_zpid/
939-941 Oak St,,37.773273,-122.434875,1350000.0,2023-03-22,3450.0,391.3,MULTI_FAMILY,3.0,1.0,0.64,https://www.zillow.com/homedetails/939-941-Oak-St-San-Francisco-CA-94117/332851638_zpid/
4108 17th St,,37.76247,-122.43762,1750000.0,2024-08-16,3516.0,497.72,MULTI_FAMILY,4.0,4.0,0.64,https://www.zillow.com/homedetails/4108-17th-St-San-Francisco-CA-94114/2112293158_zpid/
171-73 Buena Vista Ave E,,37.769318,-122.43817,3050000.0,2026-02-17,2995.0,1018.36,MULTI_FAMILY,4.0,3.0,0.64,https://www.zillow.com/homedetails/171-73-Buena-Vista-Ave-E-San-Francisco-CA-94117/457159869_zpid/
904-906 Haight St,,37.771317,-122.437386,1250000.0,2024-05-13,4773.0,261.89,MULTI_FAMILY,7.0,4.0,0.66,https://www.zillow.com/homedetails/904-906-Haight-St-San-Francisco-CA-94117/332853280_zpid/
141-143 Buena Vista Ave E,,37.76967,-122.43841,2900000.0,2025-11-14,4080.0,710.78,MULTI_FAMILY,,3.0,0.66,https://www.zillow.com/homedetails/141-143-Buena-Vista-Ave-E-San-Francisco-CA-94117/325645719_zpid/
157-159 Collingwood St,,37.759903,-122.43571,2400000.0,2025-07-11,3000.0,800.0,MULTI_FAMILY,,2.0,0.66,https://www.zillow.com/homedetails/157-159-Collingwood-St-San-Francisco-CA-94114/332858556_zpid/
943-945 Haight St,,37.770893,-122.43777,2500000.0,2025-06-30,3040.0,822.37,MULTI_FAMILY,4.0,4.0,0.66,https://www.zillow.com/homedetails/943-945-Haight-St-San-Francisco-CA-94117/2067405530_zpid/
462-466 Linden St,,37.7762,-122.42556,1400000.0,2025-12-09,1870.0,748.66,MULTI_FAMILY,2.0,0.0,0.67,https://www.zillow.com/homedetails/462-466-Linden-St-San-Francisco-CA-94102/456942807_zpid/
627 Hayes St,,37.77624,-122.42684,2075000.0,2024-03-22,3060.0,678.1,MULTI_FAMILY,6.0,4.0,0.67,https://www.zillow.com/homedetails/627-Hayes-St-San-Francisco-CA-94102/2073927419_zpid/
425-431 Linden St,,37.776016,-122.42503,1399000.0,2023-05-17,2260.0,619.03,MULTI_FAMILY,4.0,4.0,0.67,https://www.zillow.com/homedetails/425-431-Linden-St-San-Francisco-CA-94102/332851485_zpid/
829 Hayes St,,37.775814,-122.43013,2200000.0,2023-08-29,5910.0,372.25,MULTI_FAMILY,6.0,4.0,0.67,https://www.zillow.com/homedetails/829-Hayes-St-San-Francisco-CA-94117/2060467066_zpid/
123 Buena Vista Ave,,37.76983,-122.43858,3075000.0,2023-08-22,6100.0,504.1,MULTI_FAMILY,8.0,4.0,0.67,https://www.zillow.com/homedetails/123-Buena-Vista-Ave-San-Francisco-CA-94117/2057209509_zpid/
442-444 Scott St,,37.773964,-122.43552,2400000.0,2023-06-14,4252.0,564.44,MULTI_FAMILY,9.0,1.0,0.69,https://www.zillow.com/homedetails/442-444-Scott-St-San-Francisco-CA-94117/2079300194_zpid/
431-435 Capp St,,37.75976,-122.41775,2150000.0,2023-09-29,5924.0,362.93,MULTI_FAMILY,8.0,7.0,0.69,https://www.zillow.com/homedetails/431-435-Capp-St-San-Francisco-CA-94110/332859570_zpid/
675-677 Ivy St,,37.776463,-122.42915,1435000.0,2025-11-17,1000.0,1435.0,MULTI_FAMILY,2.0,0.0,0.7,https://www.zillow.com/homedetails/675-677-Ivy-St-San-Francisco-CA-94102/332851451_zpid/
231 Roosevelt Way,,37.76604,-122.43988,1600000.0,2024-12-30,2800.0,571.43,MULTI_FAMILY,4.0,4.0,0.7,https://www.zillow.com/homedetails/231-Roosevelt-Way-San-Francisco-CA-94114/332858170_zpid/
327 Linden St,,37.77623,-122.4234,1190000.0,2023-09-29,2420.0,491.74,MULTI_FAMILY,4.0,4.0,0.7,https://www.zillow.com/homedetails/327-Linden-St-San-Francisco-CA-94102/2055931989_zpid/
184-186 States St,,37.763733,-122.439354,1862500.0,2024-05-17,1602.0,1162.61,MULTI_FAMILY,3.0,2.0,0.7,https://www.zillow.com/homedetails/184-186-States-St-San-Francisco-CA-94114/331637019_zpid/
327-329 Linden St,,37.77623,-122.42345,1190000.0,2023-09-29,2420.0,491.74,MULTI_FAMILY,4.0,4.0,0.7,https://www.zillow.com/homedetails/327-329-Linden-St-San-Francisco-CA-94102/2056440031_zpid/
4170 17th St,,37.762455,-122.439026,3820000.0,2024-09-16,8526.0,448.04,MULTI_FAMILY,14.0,0.0,0.71,https://www.zillow.com/homedetails/4170-17th-St-San-Francisco-CA-94114/2076774978_zpid/
1040 Fell St,,37.77461,-122.43499,2140000.0,2024-06-14,3653.0,585.82,MULTI_FAMILY,,,0.71,https://www.zillow.com/homedetails/1040-Fell-St-San-Francisco-CA-94117/332851523_zpid/
1033-1041 Minna St,,37.773396,-122.41704,1683000.0,2023-04-12,2609.0,645.07,MULTI_FAMILY,4.0,0.0,0.72,https://www.zillow.com/homedetails/1033-1041-Minna-St-San-Francisco-CA-94103/2060263998_zpid/
4187-4193 17th St,,37.76205,-122.4392,1600000.0,2024-07-22,3790.0,422.16,MULTI_FAMILY,8.0,4.0,0.73,https://www.zillow.com/homedetails/4187-4193-17th-St-San-Francisco-CA-94114/350399211_zpid/
54-56 Douglass St,,37.76301,-122.43978,1500000.0,2026-01-20,2390.0,627.62,MULTI_FAMILY,,2.0,0.74,https://www.zillow.com/homedetails/54-56-Douglass-St-San-Francisco-CA-94114/331585215_zpid/
919 Grove St #921,# 921,37.776554,-122.43176,1640000.0,2024-12-02,2106.0,778.73,MULTI_FAMILY,4.0,2.0,0.74,https://www.zillow.com/homedetails/919-Grove-St-921-San-Francisco-CA-94117/332851428_zpid/
149 Eureka St,,37.759876,-122.43799,1750000.0,2025-12-04,4108.0,426.0,MULTI_FAMILY,5.0,0.0,0.75,https://www.zillow.com/homedetails/149-Eureka-St-San-Francisco-CA-94114/457456059_zpid/
4416-4420 18th St,,37.760784,-122.43872,1225000.0,2024-07-03,4200.0,291.67,MULTI_FAMILY,6.0,1.0,0.75,https://www.zillow.com/homedetails/4416-4420-18th-St-San-Francisco-CA-94114/2054570467_zpid/
1059 Haight St,,37.770744,-122.43966,1500000.0,2025-10-23,2630.0,570.34,MULTI_FAMILY,5.0,5.0,0.75,https://www.zillow.com/homedetails/1059-Haight-St-San-Francisco-CA-94117/332853309_zpid/
1150 Fell St,,37.774464,-122.43686,2200000.0,2024-04-17,3950.0,556.96,MULTI_FAMILY,13.0,9.0,0.77,https://www.zillow.com/homedetails/1150-Fell-St-San-Francisco-CA-94117/325645696_zpid/
1122 Page St,,37.772038,-122.43935,1300000.0,2024-08-16,4254.0,305.59,MULTI_FAMILY,8.0,6.0,0.78,https://www.zillow.com/homedetails/1122-Page-St-San-Francisco-CA-94117/332853166_zpid/
123-125 Ord St,,37.761703,-122.4399,1100000.0,2025-09-23,2350.0,468.09,MULTI_FAMILY,,2.0,0.78,https://www.zillow.com/homedetails/123-125-Ord-St-San-Francisco-CA-94114/331449536_zpid/
14-16 Museum Way,,37.764908,-122.44117,1040000.0,2024-05-31,3000.0,346.67,MULTI_FAMILY,6.0,3.0,0.78,https://www.zillow.com/homedetails/14-16-Museum-Way-San-Francisco-CA-94114/332858214_zpid/
506-510 Divisadero St,,37.774296,-122.43732,1500000.0,2024-03-15,5844.0,256.67,MULTI_FAMILY,15.0,8.0,0.78,https://www.zillow.com/homedetails/506-510-Divisadero-St-San-Francisco-CA-94117/2061458763_zpid/
4-8 Saturn St,,37.76298,-122.44095,1180000.0,2024-12-03,1875.0,629.33,MULTI_FAMILY,5.0,3.0,0.8,https://www.zillow.com/homedetails/4-8-Saturn-St-San-Francisco-CA-94114/439288296_zpid/
62-64 Baker St,,37.771584,-122.44014,1600000.0,2025-05-14,3660.0,437.16,MULTI_FAMILY,11.0,3.0,0.8,https://www.zillow.com/homedetails/62-64-Baker-St-San-Francisco-CA-94117/332853277_zpid/
959 Natoma St,,37.773865,-122.41556,1375000.0,2024-02-13,3250.0,423.08,MULTI_FAMILY,2.0,0.0,0.81,https://www.zillow.com/homedetails/959-Natoma-St-San-Francisco-CA-94103/332858854_zpid/
278 States St,,37.764942,-122.441696,3225000.0,2023-05-18,7268.0,443.73,MULTI_FAMILY,16.0,0.0,0.81,https://www.zillow.com/homedetails/278-States-St-San-Francisco-CA-94114/2061469226_zpid/
126-128 Ord St,,37.76169,-122.44046,2350000.0,2024-09-23,4240.0,554.25,MULTI_FAMILY,11.0,5.0,0.81,https://www.zillow.com/homedetails/126-128-Ord-St-San-Francisco-CA-94114/331637170_zpid/
1215 Oak St,,37.77275,-122.439545,2060000.0,2026-02-13,3930.0,524.17,MULTI_FAMILY,4.0,4.0,0.81,https://www.zillow.com/homedetails/1215-Oak-St-San-Francisco-CA-94117/2092725447_zpid/
152-154 Ord St,,37.76132,-122.44041,2590000.0,2025-08-21,3522.0,735.38,MULTI_FAMILY,8.0,5.0,0.82,https://www.zillow.com/homedetails/152-154-Ord-St-San-Francisco-CA-94114/332858404_zpid/
138 Lower Ter,,37.76344,-122.4422,2850000.0,2025-03-24,3832.0,743.74,MULTI_FAMILY,8.0,6.0,0.86,https://www.zillow.com/homedetails/138-Lower-Ter-San-Francisco-CA-94114/332858186_zpid/
1255 Page St,,37.77146,-122.441475,3400000.0,2024-10-01,10014.0,339.52,MULTI_FAMILY,23.0,0.0,0.86,https://www.zillow.com/homedetails/1255-Page-St-San-Francisco-CA-94117/413283565_zpid/
431-433 Broderick St,,37.774277,-122.43965,2600000.0,2025-08-29,3050.0,852.46,MULTI_FAMILY,4.0,4.0,0.88,https://www.zillow.com/homedetails/431-433-Broderick-St-San-Francisco-CA-94117/2070243431_zpid/
388 Fulton St #413,# 413,37.778915,-122.423134,850000.0,2026-02-18,743.0,1144.01,CONDO,2.0,1.0,0.88,https://www.zillow.com/homedetails/388-Fulton-St-413-San-Francisco-CA-94102/249698258_zpid/
1342-1344 Fell St,,37.77403,-122.44008,3600000.0,2023-08-02,2650.0,1358.49,MULTI_FAMILY,,2.0,0.88,https://www.zillow.com/homedetails/1342-1344-Fell-St-San-Francisco-CA-94117/332853070_zpid/
168-170 Corbett Ave,,37.761864,-122.442055,2101000.0,2024-07-08,2506.0,838.39,MULTI_FAMILY,6.0,3.0,0.88,https://www.zillow.com/homedetails/168-170-Corbett-Ave-San-Francisco-CA-94114/332858376_zpid/
1200-1202 Haight St,,37.770844,-122.44221,2400000.0,2025-11-14,5295.0,453.26,MULTI_FAMILY,,0.0,0.88,https://www.zillow.com/homedetails/1200-1202-Haight-St-San-Francisco-CA-94117/456424530_zpid/
1264 Page St,,37.77191,-122.441734,1000000.0,2025-09-03,3625.0,275.86,MULTI_FAMILY,,0.0,0.89,https://www.zillow.com/homedetails/1264-Page-St-San-Francisco-CA-94117/2089388764_zpid/
503-505 Broderick St,,37.774963,-122.43974,2275000.0,2023-05-11,2495.0,911.82,MULTI_FAMILY,5.0,3.0,0.91,https://www.zillow.com/homedetails/503-505-Broderick-St-San-Francisco-CA-94117/332853030_zpid/
4632 18th St,,37.760662,-122.44189,1680000.0,2025-09-26,3100.0,541.94,MULTI_FAMILY,4.0,3.0,0.91,https://www.zillow.com/homedetails/4632-18th-St-San-Francisco-CA-94114/454935568_zpid/
1451-1453 Hayes St,,37.77439,-122.44024,1260000.0,2025-12-15,2100.0,600.0,MULTI_FAMILY,5.0,3.0,0.91,https://www.zillow.com/homedetails/1451-1453-Hayes-St-San-Francisco-CA-94117/457494251_zpid/
192-194 Corbett Ave,,37.7619,-122.44259,1350000.0,2024-06-18,2500.0,540.0,MULTI_FAMILY,3.0,3.0,0.91,https://www.zillow.com/homedetails/192-194-Corbett-Ave-San-Francisco-CA-94114/327200793_zpid/
1409 McAllister St,,37.777946,-122.43541,3435000.0,2026-02-18,2831.0,1213.35,SINGLE_FAMILY,4.0,3.0,0.91,https://www.zillow.com/homedetails/1409-McAllister-St-San-Francisco-CA-94115/15078119_zpid/
4642 18th St,,37.760666,-122.442116,1055000.0,2024-08-15,1800.0,586.11,MULTI_FAMILY,2.0,1.0,0.92,https://www.zillow.com/homedetails/4642-18th-St-San-Francisco-CA-94114/332858409_zpid/
3057-3059 Market St,,37.76087,-122.44231,1400000.0,2023-05-03,2840.0,492.96,MULTI_FAMILY,5.0,5.0,0.92,https://www.zillow.com/homedetails/3057-3059-Market-St-San-Francisco-CA-94114/332858417_zpid/
552-558 Broderick St,,37.775585,-122.43947,1700000.0,2023-07-03,3032.0,560.69,MULTI_FAMILY,8.0,8.0,0.93,https://www.zillow.com/homedetails/552-558-Broderick-St-San-Francisco-CA-94117/2063323258_zpid/
1306-1308 Page St,,37.771744,-122.44259,3425000.0,2025-05-08,5250.0,652.38,MULTI_FAMILY,,5.0,0.93,https://www.zillow.com/homedetails/1306-1308-Page-St-San-Francisco-CA-94117/332853182_zpid/
1306-1308A Page St,,37.771744,-122.44259,3425000.0,2025-05-08,5250.0,652.38,MULTI_FAMILY,6.0,5.0,0.93,https://www.zillow.com/homedetails/1306-1308A-Page-St-San-Francisco-CA-94117/447278921_zpid/
1488-1498 Fulton St,,37.776646,-122.44127,2950000.0,2024-05-14,8700.0,339.08,MULTI_FAMILY,13.0,0.0,1.05,https://www.zillow.com/homedetails/1488-1498-Fulton-St-San-Francisco-CA-94117/341365847_zpid/
611 Baker St,,37.776634,-122.4418,2361100.0,2023-06-20,2987.0,790.46,MULTI_FAMILY,5.0,0.0,1.07,https://www.zillow.com/homedetails/611-Baker-St-San-Francisco-CA-94117/15085505_zpid/
2010 Eddy St APT A,Apt A,37.78053,-122.441086,1760000.0,2026-02-19,1655.0,1063.44,CONDO,3.0,2.0,1.24,https://www.zillow.com/homedetails/2010-Eddy-St-APT-A-San-Francisco-CA-94115/59779370_zpid/
1750 Page St,,37.7709,-122.449684,1650000.0,2026-02-18,1298.0,1271.19,CONDO,2.0,1.0,1.28,https://www.zillow.com/homedetails/1750-Page-St-San-Francisco-CA-94117/64972307_zpid/
818 Douglass St,,37.750256,-122.4387,7250000.0,2026-02-18,3434.0,2111.24,SINGLE_FAMILY,4.0,4.0,1.29,https://www.zillow.com/homedetails/818-Douglass-St-San-Francisco-CA-94114/15180071_zpid/
1410 Shrader St,,37.76219,-122.450424,2100000.0,2026-02-18,1607.0,1306.78,CONDO,3.0,2.0,1.31,https://www.zillow.com/homedetails/1410-Shrader-St-San-Francisco-CA-94117/15088360_zpid/
151 Alice B Toklas Pl Unit 506,Unit 506,37.785244,-122.42077,825000.0,2026-02-20,1429.0,577.33,CONDO,2.0,2.0,1.34,https://www.zillow.com/homedetails/151-Alice-B-Toklas-Pl-UNIT-506-San-Francisco-CA-94109/15077147_zpid/
505 Grand View Ave APT 6,Apt 6,37.751415,-122.44265,890000.0,2026-02-20,810.0,1098.77,SINGLE_FAMILY,2.0,1.0,1.35,https://www.zillow.com/homedetails/505-Grand-View-Ave-APT-6-San-Francisco-CA-94114/2091554796_zpid/
505 Grand View Ave APT 4,Apt 4,37.751415,-122.44265,1260000.0,2026-02-20,1130.0,1115.04,SINGLE_FAMILY,2.0,2.0,1.35,https://www.zillow.com/homedetails/505-Grand-View-Ave-APT-4-San-Francisco-CA-94114/458224271_zpid/
960 Market St #321,# 321,37.78311,-122.41,449000.0,2026-02-20,512.0,876.95,CONDO,0.0,1.0,1.48,https://www.zillow.com/homedetails/960-Market-St-321-San-Francisco-CA-94102/337887528_zpid/
1700 Gough St APT 404,Apt 404,37.789314,-122.42529,950000.0,2026-02-18,980.0,969.39,CONDO,2.0,2.0,1.58,https://www.zillow.com/homedetails/1700-Gough-St-APT-404-San-Francisco-CA-94109/2060461281_zpid/
438 30th St,,37.742153,-122.42965,815000.0,2026-02-20,765.0,1065.36,CONDO,2.0,1.0,1.69,https://www.zillow.com/homedetails/438-30th-St-San-Francisco-CA-94131/89239565_zpid/
2973 Clay St,,37.78949,-122.44198,3310000.0,2026-02-20,2121.0,1560.58,CONDO,3.0,2.0,1.79,https://www.zillow.com/homedetails/2973-Clay-St-San-Francisco-CA-94115/59779316_zpid/
706 Mission St #8C,# 8C,37.78614,-122.40257,1470000.0,2026-02-20,1277.0,1151.14,CONDO,2.0,2.0,1.9,https://www.zillow.com/homedetails/706-Mission-St-8C-San-Francisco-CA-94103/335654195_zpid/
1170 Sacramento St APT 13A,Apt 13A,37.79291,-122.412186,3000000.0,2026-02-18,2027.0,1480.02,CONDO,2.0,3.0,2.0,https://www.zillow.com/homedetails/1170-Sacramento-St-APT-13A-San-Francisco-CA-94108/15068054_zpid/
188 S Park St APT 5,Apt 5,37.780975,-122.395096,1387500.0,2026-02-19,1410.0,984.04,CONDO,3.0,3.0,2.01,https://www.zillow.com/homedetails/188-S-Park-St-APT-5-San-Francisco-CA-94107/2069857421_zpid/
199 New Montgomery St Unit 1411,Unit 1411,37.786602,-122.39868,450000.0,2026-02-19,412.0,1092.23,CONDO,0.0,1.0,2.08,https://www.zillow.com/homedetails/199-New-Montgomery-St-UNIT-1411-San-Francisco-CA-94105/80749632_zpid/
1011 23rd St APT 13,Apt 13,37.755043,-122.39025,1350000.0,2026-02-20,1888.0,715.04,CONDO,2.0,3.0,2.16,https://www.zillow.com/homedetails/1011-23rd-St-APT-13-San-Francisco-CA-94107/80737104_zpid/
4025 Folsom St,,37.73628,-122.413414,1725000.0,2026-02-18,1518.0,1136.36,SINGLE_FAMILY,3.0,3.0,2.22,https://www.zillow.com/homedetails/4025-Folsom-St-San-Francisco-CA-94110/15163927_zpid/
50 Lansing St Unit 105,Unit 105,37.786148,-122.3943,1040000.0,2026-02-19,1066.0,975.61,CONDO,2.0,2.0,2.24,https://www.zillow.com/homedetails/50-Lansing-St-UNIT-105-San-Francisco-CA-94105/79843120_zpid/
142 Arguello Boulevard,,37.787773,-122.458954,4999999.0,2026-02-18,4106.0,1217.73,SINGLE_FAMILY,5.0,5.0,2.28,https://www.zillow.com/homedetails/142-Arguello-Blvd-San-Francisco-CA-94118/15081621_zpid/
1275 Lombard St,,37.801453,-122.42249,4150000.0,2026-02-19,4376.0,948.35,CONDO,3.0,4.0,2.43,https://www.zillow.com/homedetails/1275-Lombard-St-San-Francisco-CA-94109/59700072_zpid/
3044 Franklin St APT 102,Apt 102,37.802727,-122.4262,950000.0,2026-02-18,926.0,1025.92,CONDO,1.0,1.0,2.5,https://www.zillow.com/homedetails/3044-Franklin-St-APT-102-San-Francisco-CA-94123/15070596_zpid/
301 Main St #16H,# 16H,37.78933,-122.390976,1700000.0,2026-02-19,1317.0,1290.81,CONDO,2.0,2.0,2.52,https://www.zillow.com/homedetails/301-Main-St-16H-San-Francisco-CA-94107/452037632_zpid/
519 12th Ave,,37.778385,-122.470795,2488000.0,2026-02-19,2770.0,898.19,SINGLE_FAMILY,4.0,3.0,2.53,https://www.zillow.com/homedetails/519-12th-Ave-San-Francisco-CA-94118/15094989_zpid/
511 Gennessee St,,37.73259,-122.45137,2115000.0,2026-02-19,1818.0,1163.37,SINGLE_FAMILY,4.0,2.0,2.69,https://www.zillow.com/homedetails/511-Gennessee-St-San-Francisco-CA-94127/15138370_zpid/
430 Greenwich St,,37.802914,-122.407005,3470000.0,2026-02-18,2400.0,1445.83,SINGLE_FAMILY,3.0,3.0,2.74,https://www.zillow.com/homedetails/430-Greenwich-St-San-Francisco-CA-94133/2062907319_zpid/
1427 21st Ave,,37.761036,-122.47939,2800000.0,2026-02-19,2369.0,1181.93,SINGLE_FAMILY,3.0,2.0,2.89,https://www.zillow.com/homedetails/1427-21st-Ave-San-Francisco-CA-94122/15105402_zpid/
636 20th Ave,,37.77587,-122.47884,3650000.0,2026-02-19,3038.0,1201.45,SINGLE_FAMILY,3.0,2.0,2.9,https://www.zillow.com/homedetails/636-20th-Ave-San-Francisco-CA-94121/332855744_zpid/
180 Ocean Ave,,37.72357,-122.44051,1080000.0,2026-02-18,1603.0,673.74,SINGLE_FAMILY,3.0,2.0,3.06,https://www.zillow.com/homedetails/180-Ocean-Ave-San-Francisco-CA-94112/15141272_zpid/
315 San Benito Way,,37.73139,-122.466736,2800000.0,2026-02-20,2465.0,1135.9,SINGLE_FAMILY,4.0,3.0,3.26,https://www.zillow.com/homedetails/315-San-Benito-Way-San-Francisco-CA-94127/15141679_zpid/
29 Jennings Ct,,37.717365,-122.397804,920000.0,2026-02-20,1998.0,460.46,CONDO,3.0,3.0,3.75,https://www.zillow.com/homedetails/29-Jennings-Ct-San-Francisco-CA-94124/53153630_zpid/
1615 38th Ave,,37.756718,-122.49736,1600000.0,2026-02-19,1512.0,1058.2,SINGLE_FAMILY,3.0,1.0,3.9,https://www.zillow.com/homedetails/1615-38th-Ave-San-Francisco-CA-94122/15108556_zpid/
1778 42nd Ave,,37.753586,-122.50092,1625000.0,2026-02-19,1234.0,1316.86,SINGLE_FAMILY,2.0,1.0,4.14,https://www.zillow.com/homedetails/1778-42nd-Ave-San-Francisco-CA-94122/15110313_zpid/
768 Hayes St,,,,1400000.0,2025-06-27,3480.0,402.3,MULTI_FAMILY,,,,https://www.zillow.com/homedetails/768-Hayes-St-San-Francisco-CA-94102/450462915_zpid/
Clay Sanfrancisco,,,,7280000.0,2026-02-20,16155.0,450.63,MULTI_FAMILY,3.0,2.0,,https://www.zillow.com/homedetails/Clay-Sanfrancisco-San-Francisco-CA-94109/460617664_zpid/
